COMID,lat,lon,frac_1,frac_2,frac_5,frac_6,frac_8,frac_10,frac_14,frac_15,frac_16,frac_17,frac_18,frac_19
71027942,51.0975344152936,-114.209554457488,0.0137518895789981,0,2.94004366878653e-05,0.00272248056717217,0.12675316631794,0.136522948741913,0.000411606102716178,0.0519644282758236,0.00392392883077264,0.637853741645813,0.026066429913044,0
71027957,51.1561597073624,-114.40650772078,0.00983298290520906,0,5.83377659495454e-05,0.000645199266728014,0.223329871892929,0.391275882720947,0.000780017056968063,0.213510319590569,0.000838758482132107,0.125328809022903,0.0343997702002525,0
71027962,51.1846480472298,-114.491796094459,0.0298730880022049,0,0,0,0.161311194300652,0.243107169866562,0,0.00496644154191017,0,0.469290792942047,0.0914513021707535,0
71027963,51.200961728395,-114.506737037037,0.00876559503376484,0,0,0,0.14784038066864,0.333269268274307,0.00111113174352795,0.0610874854028225,0.000246347975917161,0.427194893360138,0.0204848870635033,0
71027969,51.1940971205465,-114.572981179844,0.0022775074467063,0,0.00854653865098953,0.0079846503213048,0.412921488285065,0.322306245565414,0.000304987508570775,0.193453878164291,0.000396483781514689,0.0262513533234596,0.0255568716675043,0
71027979,51.2136778573052,-114.593959611452,0.0145732909440994,0,0.00447596376761794,0.00661364383995533,0.408068507909775,0.369094282388687,0.00715955393388867,0.142532467842102,0.000568218587432057,0.0214282814413309,0.0254857651889324,0
71027981,51.2140071368598,-114.641518891688,0.0293631590902805,0,0.00804906338453293,0.0251908097416162,0.439282089471817,0.298675090074539,0.00201571453362703,0.0498931668698788,0,0.0880625173449516,0.0594683885574341,0
71027992,51.20581509299,-114.683994277539,0.0365479812026024,0,0.0170610975474119,0.0199252348393202,0.484930902719498,0.319947689771652,0,0.0069265621714294,0.0033135823905468,0.0408646203577518,0.0704823508858681,0
71028007,51.1860929967014,-114.782376511884,0.105486385524273,0,0.00118377665057778,0.00533764529973269,0.419736802577972,0.268951028585434,0,0.0174422319978476,0.000194905122043565,0.0605186969041824,0.121148481965065,0
71028014,51.1664030131827,-114.863915402914,0.0822438076138496,0,0,0,0.303069561719894,0.336345106363297,0,0.0228531565517187,0.00252567860297859,0.213057085871696,0.0399056151509285,0
71028023,51.1365109509589,-114.937076678354,0.190894961357117,0,0,0.000324190623359755,0.329800695180893,0.300668925046921,0,0.0180122964084148,0.00652587506920099,0.131946057081223,0.0218270011246204,0
71028027,51.1199646163263,-114.994558947288,0.144269093871117,0,0,0,0.182547315955162,0.456513077020645,0,0.00709870690479875,0.00313338334672153,0.187125414609909,0.019313020631671,0
71028039,51.123275208612,-115.057756226511,0.305098831653595,0,0,0.000286170485196635,0.415818303823471,0.163731649518013,0.000413357367506251,0.0010305872419849,0.0103294234722853,0.0460025928914547,0.0572890751063824,0
71028054,51.0735166705954,-115.129856735025,0.486050337553024,0,7.83602590672672e-05,0,0.0971768870949745,0.125933736562729,0.000705242389813066,0.00100562337320298,0.214841693639755,0.0479256212711334,0.0262825153768063,0
71028062,51.1442543913026,-114.528298851973,0.0110045652836561,0,0.00348848826251924,0.00895094964653254,0.426101177930832,0.280284374952316,0.000162070893566124,0.224748119711876,0,0.0349316522479057,0.010328589938581,0
71028073,51.0564601051123,-115.217810001593,0.447293102741241,0,0,0,0.0395414754748344,0.0873654559254646,0.000381052203010768,0,0.292354971170425,0.0640863254666328,0.0689776018261909,0
71028095,51.0467122973386,-115.315660837497,0.568805932998657,0,0,0,0.0535360164940357,0.0757129341363907,0,0,0.207571461796761,0.0736806616187096,0.0206929408013821,0
71028097,51.1015287642045,-114.565284288195,0.0310753919184208,0,0.000236242631217465,0.000669354107230902,0.445502191781998,0.257520169019699,0.000236242631217465,0.195562690496445,0,0.0613407902419567,0.00785692967474461,0
71028132,51.0395826271187,-114.578240112994,0.199654191732407,0,0.00099289056379348,0.00190776609815657,0.521995306015015,0.1893540173769,0.000200472029973753,0.063948780298233,0.00351895554922521,0.0150141892954707,0.00341338687576354,0
71028140,51.1114188309201,-115.395322212008,0.55363941192627,0,0,0,0.0317808873951435,0.115179672837257,0,0,0.22268258035183,0.0531338043510914,0.0235836431384087,0
71028159,51.1491671240395,-115.467816959385,0.595286190509796,0,0,0,0.0111723905429244,0.0525163598358631,0,0,0.28624615073204,0.0151983266696334,0.039580550044775,0
71028189,51.1714664760089,-115.518351869505,0.579436361789703,0.00610600737854838,0,0,0.0326603166759014,0.0264619570225477,0,0.000793919316492975,0.174537315964699,0.0690040662884712,0.110523700714111,0.000476351589895785
71028215,51.0216108617225,-114.759655280203,0.412010699510574,0,0.000145188445458189,0.00620458787307143,0.452416062355042,0.0698860287666321,0,0.0022377073764801,0.0377717949450016,0.0184090323746204,0.000918878067750484,0
71028221,51.1322412795504,-115.524601449276,0.646836698055267,0.00747342174872756,0,0,0.00032819266198203,0.0214658509939909,0,0,0.28687110543251,0.0112804882228374,0.0257442407310009,0
71028249,51.0644108993648,-115.041244567034,0.540491938591003,0,0,0,0.203356966376305,0.128283739089966,0.000166682904819027,0.00332347769290209,0.00338774011470377,0.0771813094615936,0.0438080802559853,0
71028304,51.0144154423571,-115.068604788857,0.559096097946167,0,0,0,0.129262983798981,0.105411060154438,0,0,0.119752064347267,0.0212528444826603,0.0652249678969383,0
71028311,51.0022606360281,-115.48497002283,0.527123391628265,0.000254951126407832,0,0,0.0265422686934471,0.154118150472641,0,0,0.285931050777435,0.000132219473016448,0.00517011154443026,0.00072790973354131
71028377,51.0153830406432,-114.919835309618,0.646394491195679,0,7.47526282793842e-05,0.000465179909951985,0.163893491029739,0.124229848384857,5.81409294682089e-05,0.000340539729222655,0.0445649996399879,0.0182342622429132,0.00174422794952989,0
71028380,50.9890313563441,-114.860769526819,0.740139186382294,0,0,0.000100823825050611,0.124958515167236,0.0982614159584045,0.000100823825050611,0,0.0212715175002813,0.0148854423314333,0.00028230671887286,0
71028585,51.1675923520923,-115.573618326118,0.502606511116028,0,0,0,0.0398912690579891,0.0107839023694396,0,0,0.0164547879248857,0.398207902908325,0.0320556648075581,0
71028597,51.1770042774213,-115.613003360831,0.429949551820755,0.000916135963052511,0,0,0.0991695076227188,0.105201907455921,0,0,0.211616039276123,0.0464473553001881,0.106699459254742,0
71028609,51.1726656568571,-115.649825687632,0.616913974285126,0,0,0,0.0152279986068606,0.0690230280160904,0.00024028931511566,0,0.2623091340065,0.00708584534004331,0.0291997510939837,0
71028676,51.1948847202864,-115.754929153741,0.545925974845886,4.49529434263241e-05,0,0,0.0293809827417135,0.120877899229527,0.000149843137478456,0,0.266650438308716,0.0169154033064842,0.0200544521212578,0
71028700,51.2315339360023,-115.839235184388,0.797610521316528,0,0,0,0.0154892019927502,0.0403416007757187,0,0,0.0778019353747368,0.0476537197828293,0.0211030356585979,0
71028740,51.2677974498147,-115.895695485483,0.734719157218933,0,0,0,0.0171925611793995,0.0461223386228085,0,0,0.170006558299065,0.0174501482397318,0.0145092271268368,0
71028757,51.2390418170879,-114.733857927196,0.143718406558037,0,0,0.00815354287624359,0.383370131254196,0.336269974708557,0,0.00160842761397362,0.000903282896615565,0.041357260197401,0.0846189558506012,0
71028833,51.2746661083477,-114.818822708355,0.493223875761032,0,0,0.00673777284100652,0.330217033624649,0.124113276600838,0.000389756023650989,0.0101844938471913,0.00118621392175555,0.0275714639574289,0.00637608440592885,0
71028852,51.3087116671424,-116.018158397552,0.754442512989044,0,0,0,0.00910229329019785,0.0277530681341887,0,0,0.173496767878532,0.0219159368425608,0.0130907483398914,0.000198668974917382
71028904,51.3510146966855,-116.10112398374,0.85115247964859,0,0,0,0.0118903107941151,0.015643909573555,0,0,0.0925303772091866,0.0197803862392902,0.00900252535939217,0
71028957,51.3917951569064,-116.124330985915,0.858220040798187,0,0,0,0.00644567096605897,0.0324557088315487,0,0,0.0618705227971077,0.025811456143856,0.015196654945612,0
71028968,51.2637809196346,-114.928805467173,0.485771298408508,0,0.000239816319663078,0.00465641543269157,0.324934601783752,0.142015218734741,0.000633800285868347,0.000188427104149014,0.00822971016168594,0.0250782836228609,0.00825237948447466,0
71028974,51.4379526828019,-116.15269816878,0.768919289112091,0,0,0,0.0228499341756105,0.104509212076664,0,0,0.0687141269445419,0.0293592102825642,0.00564824230968952,0
71029016,51.4097199014567,-116.177020672665,0.832720279693604,0,0,0,0.0035388667602092,0.00333558768033981,0,0,0.00384417036548257,0.139616400003433,0.0169447027146816,0
71029022,51.4227884615385,-116.180256410256,0.368740439414978,0,0,0,0,0.023846996948123,0,0,0,0.607249855995178,0.000162703203386627,0
71029042,51.2675927230047,-114.996454225352,0.557284712791443,0,0,0,0.132843479514122,0.136515066027641,0.00141049490775913,0,0.0648231506347656,0.0317619293928146,0.0753611549735069,0
71029071,51.4421162528217,-116.200753386004,0.83906102180481,0,0,0,0.00368737359531224,0.0114386100322008,0,0,0.000755075423512608,0.129879415035248,0.015178426168859,0
71029118,51.2192052321883,-115.48006480598,0.584015190601349,0,0,0,0.0102485893294215,0.121424205601215,0.000132582004880533,0.000609877228271216,0.23538726568222,0.0345004573464394,0.01358905993402,9.28074077819474e-05
71029391,51.3389050540881,-114.949130794305,0.472884744405746,0,0.000689144304487854,0.011953167617321,0.385327458381653,0.108691871166229,0.000328545545926318,4.80798371427227e-05,0.00187456060666591,0.0117189744487405,0.00648340955376625,0
71029448,51.3041755054204,-115.539586727219,0.521248936653137,0.000215346502955072,0,0,0.0114525072276592,0.0690936148166656,0,0.000303442793665454,0.384625107049942,0,0.0127771776169538,0.000283865840174258
71029450,51.3429166666667,-115.605,0.00950540322810411,0,0,0,0,0.873558700084686,0,0,0.116935811936855,0,0,0
71029528,51.5233515605415,-116.281869150581,0.772709310054779,0,0,0,0.0137960407882929,0.0532332770526409,0,0,0.134277775883675,0.00682484311982989,0.0184641350060701,0.000694621237926185
71029639,51.2525703171753,-115.028191202872,0.837352633476257,0,0,0,0.0378487296402454,0.037589818239212,0,0,0.0302902776747942,0,0.0569185987114906,0
71029721,51.4101647317783,-115.08932713814,0.87116014957428,0,0,0,0.0656313300132751,0.0319809503853321,0,0.000249645905569196,0.00211864244192839,0.0211198981851339,0.00773935625329614,0
71029778,51.6116902882912,-116.311351935363,0.514145791530609,0,0,0,0.00371696962974966,0.0169296599924564,0,0,0.438038885593414,0.00596044212579727,0.00747959734871984,0.0137286148965359
71029798,51.1452889825406,-115.673966987758,0.868513524532318,0,0,0,0.00584131153300405,0.00456341309472919,0,0,0.0920349210500717,0.0168764088302851,0.0121704610064626,0
71029800,51.3797421394941,-115.65553627005,0.584868788719177,0.000120167402201332,0,0.000260362692642957,0.0480934232473373,0.137770414352417,0.000520725385285914,0.00819904170930386,0.216631263494492,0,0.00353575241751969,0
71029857,51.2047592518236,-115.577004282942,0.561763405799866,0,0,0.00026771062402986,0.0308147054165602,0.0923587009310722,0,0.000468493584776297,0.195711523294449,0.108776614069939,0.00983882322907448,0
71029879,51.0691490659908,-114.604451093589,0.0733809396624565,0,0,0.00547485426068306,0.456555545330048,0.170024305582047,0,0.254599452018738,0,0.0241921152919531,0.0157728176563978,0
71029963,51.1132636048097,-115.677521073509,0.690339624881744,0,0,0,0.00334074441343546,0.0700554922223091,0,0,0.23626421391964,0,0,0
71029992,51.5128003437569,-116.179190563318,0.635645031929016,0,0,0,0.0455652438104153,0.0882837027311325,0,0,0.218737453222275,0.00516157830134034,0.00657564774155617,3.13236923830118e-05
71030026,51.5654467353952,-116.153341924399,0.997290074825287,0,0,0,0.00075868732528761,0.00195118947885931,0,0,0,0,0,0
71030071,51.0959514170041,-115.6539788574,0.653481483459473,0,0,0,0.000673258618917316,0.0623977296054363,0,0,0.283447533845901,0,0,0
71030100,51.1958433900165,-115.845500091425,0.55403071641922,0,0,0,0.039133295416832,0.0927132219076157,0,0,0.310280084609985,0.000734540517441928,0.00310814427211881,0
71030177,51.4186138103651,-115.726080499117,0.549683272838593,0,0,0.000739637122023851,0.0788184776902199,0.0727783888578415,0,0,0.29798024892807,0,0,0
71030189,51.2201603533826,-114.434546976481,0.0377829894423485,0,0,0.00399264087900519,0.293132811784744,0.365006446838379,0.00115019909571856,0.138274818658829,0.00605299416929483,0.151476934552193,0.0031301046255976,0
71030191,51.4040256410257,-115.763243589744,0.896417140960693,0,0,0,0,0.0746382474899292,0,0,0.0289446990936995,0,0,0
71030243,51.353302605703,-115.587276302851,0.676502466201782,0,0,0,0.0145084951072931,0.161248043179512,0,0.00582523783668876,0.124158121645451,0,0.0177576169371605,0
71030270,51.600547629188,-116.143072118115,0.461362063884735,0,0,0,0.0474959127604961,0.0868598893284798,0,0,0.39869213104248,0,0.00302652083337307,0.00256349425762892
71030287,51.4018479414558,-116.05402952349,0.698328256607056,0,0,0,0.0204327628016472,0.0637891888618469,0,0,0.215566918253899,0.0014332477003336,0.000449597049737349,0
71030302,51.1899449710374,-115.909394944708,0.684321403503418,0,0,0,0.0380497165024281,0.0623313039541245,0,0,0.215034320950508,0,0.000263239111518487,0
71030308,51.3092514579381,-115.253305379064,0.420329868793488,4.31474461493053e-07,0,3.52136667061131e-05,0.0204448960721493,0.117575071752071,3.01831441902323e-05,0,0.424276083707809,0.00682161003351212,0.0104866782203317,0
71030313,51.2652791899677,-114.358305371971,0.00560011249035597,0,0,0.00074719573603943,0.291056215763092,0.41116851568222,0,0.229078829288483,0.00110305240377784,0.0346748568117619,0.026571212336421,0
71030314,51.2453410637884,-114.530782040062,0.00126532942522317,0,0.000291999109322205,0.00204637600108981,0.418363243341446,0.467838138341904,0.00350398942828178,0.070756696164608,0.000165196048328653,0.0354282855987549,0.000340703205438331,0
71030418,51.0164215186804,-115.598883551674,0.357767939567566,0.00478136260062456,0,0,0.00809523183852434,0.090339720249176,0,0,0.523164927959442,0,0.0122985150665045,0.00355223589576781
71030428,50.9947617342524,-114.678346537165,0.204989150166512,0,0.000795648025814444,0.008466936647892,0.735407054424286,0.039677232503891,0,0.00737477466464043,0,0.000600594095885754,0.00268860463984311,0
71030431,50.9967502492523,-115.242501994018,0.632879614830017,0,0,0,0.0690646171569824,0.115728907287121,0,0,0.173947528004646,0.00684071891009808,0.00153865374159068,0
71030460,51.011675170068,-114.998628968254,0.800121665000916,0,0,0,0.0811076536774635,0.0813543200492859,0,0,0.0255082305520773,0.0118791200220585,2.9031982194283e-05,0
71030474,51.0483375398343,-115.432945315487,0.585047006607056,0.000101644851383753,0,0,0.00387924211099744,0.0762187317013741,0,0,0.304565966129303,0.00990262627601624,0.0202848128974438,0
71030527,51.0358597362562,-115.667375549466,0.430120259523392,0.0048146746121347,0,0,0.0115480544045568,0.0738086998462677,0,0,0.456497669219971,0.0112920626997948,0.00939178559929132,0.00252678408287466
71030563,51.0596442240779,-115.723370240581,0.401115745306015,0.000842475390527397,0,0,0.0289256162941456,0.221982687711716,0,0,0.340299218893051,0,0.00683428393676877,0
71030588,51.0842638929475,-114.751588252484,0.326615184545517,0,0.000610763672739267,0.00521759269759059,0.579889178276062,0.0472601391375065,0,0.0126668596640229,0.000279356259852648,0.0142704760655761,0.0131904734298587,0
71030626,51.1142673406346,-115.202934428531,0.454512029886246,0,0,0,0.0324791930615902,0.12270575761795,0,0,0.379777193069458,0.0105226384475827,3.18001661980816e-06,0
71030660,51.105703114485,-114.895191526017,0.351020157337189,0,0.000117054230940994,0.00570608535781503,0.490379929542542,0.0675434097647667,0,0.00798038672655821,6.71605012030341e-05,0.0428055748343468,0.0343803055584431,0
71030690,51.1065732994313,-115.777315384405,0.479362696409225,0.000245570001425222,0,0,0.0574456378817558,0.210442170500755,6.82138925185427e-05,0,0.242572247982025,0.00470385514199734,0.00502313720062375,0.000136427785037085
71030703,51.1168975475134,-114.718048679868,0.15873546898365,0,0,0.0018112831749022,0.58991539478302,0.144498199224472,0,0.0295646097511053,0.00122121733147651,0.0316248573362827,0.0426290035247803,0
71030716,51.1429364132478,-114.64739764919,0.00863186083734035,0,0.00303893373347819,0.00207868032157421,0.545694172382355,0.241608828306198,0.000364105449989438,0.14337582886219,0,0.0336392968893051,0.0215682853013277,0
71030717,51.122122519716,-115.3023279588,0.271521657705307,0,0,0,0.0355394631624222,0.0999174565076828,0,0,0.495830535888672,0.0968072935938835,0.000383577891625464,0
71030749,51.1184109698755,-114.381550793159,0.00475381826981902,0,0,0,0.101130202412605,0.363297253847122,0.00177954894024879,0.384769827127457,0.00716623570770025,0.116305075585842,0.0207979865372181,0
71030774,51.1223035189129,-115.599616798499,0.739340424537659,0,0,0,0.0190760623663664,0.0356929153203964,0,0,0.19877901673317,0,0.00711155496537685,0
71030784,51.1245460549713,-115.901304552152,0.675830721855164,0,0,0,0.0510992854833603,0.069719634950161,0,0,0.17375060915947,0,0.0263505987823009,0.00324914627708495
71030831,51.1727096315732,-115.004406909369,0.283485651016235,0,0,0.000355098920408636,0.641276001930237,0.045658640563488,0,0.000891800096724182,0,0.0262556914240122,0.00207707565277815,0
71030835,51.1529608579275,-115.119472051309,0.370503753423691,0,0,0,0.165619179606438,0.0837123841047287,0,0,0.37178510427475,0.00417761318385601,0.00420195609331131,0
71030838,51.1534663574323,-115.968905505794,0.459447473287582,0,0,0,0.0148124685510993,0.0433892831206322,0,0,0.397768706083298,0,0.0177720673382282,0.0668099969625473
71030896,51.1477363459474,-115.853183876812,0.47073158621788,0,0,0,0.089542530477047,0.164785742759705,0,0,0.274403989315033,0,0.000536165840458125,0
71030906,51.2148589453637,-114.938101515693,0.382445722818375,0,0,0.00214328151196241,0.394517958164215,0.129698038101196,0,0.000861669075675309,0,0.043220791965723,0.0471125021576881,0
71030944,51.2060104520084,-115.187507022728,0.32008221745491,0.000228039643843658,0,0,0.0461927801370621,0.094293013215065,0,0,0.518626034259796,0,0.0205779355019331,0
71030950,51.1830450833196,-115.367999298796,0.461708575487137,0,0,0,0.0286007337272167,0.196099355816841,0,0,0.301005154848099,0.00779649661853909,0.00478965556249022,0
71031068,51.2695184319834,-114.65581833391,0.161352917551994,0,0,0.0086436178535223,0.415109306573868,0.305233508348465,0.00103997346013784,0.0762977823615074,0.000664427469018847,0.0304740015417337,0.00118441414088011,0
71031077,51.2060823732495,-115.059127293533,0.676317870616913,0,0,0,0.261179447174072,0.024781733751297,0,0.000155185014591552,0.0247390270233154,0,0.0128267304971814,0
71031094,51.2558967160116,-115.614485990585,0.505203306674957,0.00641686143353581,0,0.000198752342839725,0.0460860133171082,0.0446819141507149,0,0.000198752342839725,0.390769124031067,0,0.00547988619655371,0.00096536852652207
71031120,51.241999976797,-116.019043807137,0.688191115856171,0,0,0,0.00721909943968058,0.0385232977569103,0,0,0.219306394457817,0.00429670931771398,0.0211801361292601,0.0212832819670439
71031130,51.2321728368489,-114.810458458889,0.170005843043327,0,0.000861549226101488,0.00160107610281557,0.648763656616211,0.14402037858963,0.000394876726204529,0.00721547473222017,0,0.023976469412446,0.00316072581335902,0
71031155,51.2846021256677,-114.456491546891,0.00109240890014917,0,0.000275846570730209,0.00157464935909957,0.357883661985397,0.21593751013279,0.000945805746596307,0.36931437253952,0.00386506621725857,0.0359519496560097,0.013158768415451,0
71031177,51.2594380195157,-115.332464763282,0.35437399148941,2.74139074463164e-05,0,3.28966889355797e-05,0.0104773016646504,0.0918974056839943,0,0.000630519876722246,0.396272242069244,0.00161375955212861,0.144647002220154,2.74139074463164e-05
71031181,51.2831663414634,-114.721913821138,0.411505699157715,0,0.000211760183447041,0.0126877939328551,0.301914483308792,0.19121627509594,0.000716726761311293,0.0437316410243511,0.000527195865288377,0.0312969833612442,0.00619145669043064,0
71031215,51.2642421089143,-114.489166493236,0.00128515670076013,0,0,0,0.202816218137741,0.382476627826691,0.000208403784199618,0.261751651763916,0.00204897462390363,0.0865814387798309,0.0628315061330795,0
71031267,51.3112219233673,-114.427568186108,0.00489561352878809,0,0.000118251533422153,0.00806459691375494,0.343289524316788,0.205714404582977,0.00342249777168036,0.39418751001358,0.000825229217298329,0.0243927072733641,0.0150896580889821,0
71031276,51.3173672149674,-114.350508119873,0.000881176674738526,0,0.000104901984741446,0,0.264020770788193,0.257756978273392,0.00117490231059492,0.382621854543686,0.00148960819933563,0.0342243723571301,0.0577254518866539,0
71031279,51.3048041873776,-115.058793492996,0.497831761837006,0,0,0.00277870078571141,0.371701270341873,0.111048564314842,9.05789493117481e-05,0,0.00673348736017942,0.00425613485276699,0.00555949658155441,0
71031296,51.2737546935475,-115.701851231395,0.443815052509308,0.00209254282526672,0,0,0.0310124829411507,0.0834729671478271,0,0.000308577757095918,0.433724671602249,0,0.00545796891674399,0.00011571665527299
71031303,51.3174876370422,-114.555854210404,0.00953459646552801,0,0.000357628567144275,0.00692538265138865,0.497761458158493,0.284264415502548,0.00518670259043574,0.159374997019768,0,0.0309945847839117,0.00560026103630662,0
71031359,51.3244591770388,-116.184460570314,0.367752581834793,0,0,0,0.0119056291878223,0.0487484000623226,0,0,0.477923154830933,0.00426648464053869,0.0247581209987402,0.0646456405520439
71031397,51.3210879542705,-115.649154045145,0.596193075180054,0.00232172245159745,0,0,0.0242727026343346,0.0643987879157066,0,0.00732074631378055,0.299961417913437,0,0.00553152756765485,0
71031429,51.344427406141,-115.456222127235,0.258668571710587,0.00217694649472833,0,0.00017865517293103,0.0247317403554916,0.0851773992180824,0.000393041380448267,0.00121485523413867,0.620526671409607,0,0.00586018990725279,0.00107193109579384
71031431,51.308019825543,-114.627802191398,0.151495739817619,0,0.000435279100202024,0.0223454721271992,0.452646970748901,0.276274979114532,0.00160451501142234,0.0746301114559174,0.000651126843877137,0.0179407969117165,0.00197502761147916,0
71031478,51.3597847222223,-115.090123382801,0.793519794940948,0,0,9.54571660258807e-05,0.115816675126553,0.0755069553852081,0.000210005760891363,0,0.0127967735752463,0.0014242825563997,0.000630017253570259,0
71031489,51.3610183979552,-115.194814453125,0.652909874916077,0,0,0,0.0390872247517109,0.0658767521381378,0,0,0.240572229027748,0,0.00155395164620131,0
71031502,51.3753899336285,-115.525606958491,0.239744156599045,0.00388602283783257,0,0,0.00272307638078928,0.079468846321106,0.000793129031080753,0.0028552645817399,0.668371021747589,0,0.0015722889220342,0.000586251961067319
71031503,51.3639509409568,-116.230047287267,0.360623210668564,0,0,0,0.0195445213466883,0.0464392900466919,0,0,0.515567123889923,0.00186440802644938,0.0181888770312071,0.0377725325524807
71031506,51.3373553038256,-115.871350558374,0.410963594913483,0,0,3.65552841685712e-05,0.038778193295002,0.0837068781256676,0,0,0.459329336881638,0.000811695121228695,0.00416730251163244,0.00220642727799714
71031529,51.3937732032729,-115.421117802406,0.255117148160934,0.000122633267892525,0,0,0.00733455270528793,0.0489042773842812,0,9.19749509193935e-05,0.68594890832901,0,0.00228391564451158,0.000196597975445911
71031561,51.3895907506829,-115.845781372642,0.242623925209045,0,0,0,0.0149735789746046,0.0953158363699913,0,0,0.639775812625885,0,0.00636798329651356,0.000942879123613238
71031569,51.362215310886,-115.761083507151,0.428335011005402,0,0,0,0.0571634024381638,0.0865256190299988,0,0,0.419877678155899,0,0.00797376595437527,0.000124590093037114
71031594,51.395650286918,-115.254631788577,0.417018920183182,0,0,0,0.00982436630874872,0.0430024787783623,0,0,0.513270080089569,0.00753906182944775,0.00934511795639992,0
71031642,51.4181066962041,-115.574919636124,0.166715383529663,0.00202053692191839,0,0.000773486797697842,0.0244832262396812,0.125320672988892,0.00121547933667898,0.000962912163231522,0.674259305000305,0,0.003528495086357,0.000720461597666144
71031643,51.3964835582034,-116.254430231879,0.260573476552963,0,0,0,0.0236663557589054,0.0515552572906017,0,0,0.499965906143188,0.0128981033340096,0.0376568548381329,0.113684006035328
71031654,51.4529376287144,-116.113206678435,0.458635538816452,0,0,0,0.0879453644156456,0.13448540866375,0,0,0.311171978712082,0.00284088449552655,0.00453229155391455,0.000388536049285904
71031687,51.3975736284889,-115.999370227783,0.151357516646385,0,0,0,0.000161094867507927,0.07722457498312,0,0,0.749633550643921,0,0.0109222326427698,0.0107010854408145
71031719,51.4422957543821,-115.815915461375,0.238486245274544,0,0,9.3922957603354e-05,0.0278276838362217,0.0981965959072113,0,0,0.620900213718414,0,0.00802102033048868,0.00647436082363129
71031769,51.4488371294495,-115.690250658121,0.539345622062683,0.000594537006691098,0,0.0011890740133822,0.0861824005842209,0.141395911574364,9.58930613705888e-05,0,0.229566335678101,0,0.00163018214516342,0
71031838,51.4618402204994,-116.012216265259,0.222517907619476,0,0,0.000221195310587063,0.0708419531583786,0.151552498340607,0,0,0.531500101089478,0,0.0219951085746288,0.0013712941436097
71031893,51.4812741637568,-116.317553577754,0.455524682998657,0,0,0,0.0067751039750874,0.0263609196990728,7.63692951295525e-05,0,0.394088685512543,0.00745266443118453,0.00950368773192167,0.100217886269093
71032102,51.538594011375,-116.095912791346,0.437377601861954,0,0,0.00014978511899244,0.0334976390004158,0.0682636126875877,0,0,0.429661989212036,0,0.015848396345973,0.015200961381197
71032185,51.5923866926226,-116.413783193571,0.15243972837925,0,0,0,0.00763917481526732,0.0427247993648052,0,0,0.450598686933517,0,0.0979264974594116,0.248671069741249
71032217,51.5976772481789,-116.224404907687,0.29538157582283,0,0,0.00036420940887183,0.0363359488546848,0.150927469134331,0,0,0.454344183206558,0,0.00468721706420183,0.0579593777656555
71032292,51.6257915185727,-116.088587009548,0.103182144463062,0,0,0,0.0102542564272881,0.0694767609238625,0,0,0.731470108032227,0,0.00439602369442582,0.0812206864356995
71032409,51.6616688336313,-116.176103865323,0.221991211175919,0,0,0.000232553298701532,0.0619921647012234,0.113529652357101,8.20776331238449e-05,0,0.582172334194183,0,0.0135154500603676,0.00648461934179068
71032422,51.6707103624405,-116.304323222782,0.213607668876648,0,0,0,0.0390986502170563,0.106293514370918,0,0,0.629254102706909,0.00149865308776498,0.00277443206869066,0.00747294118627906
71032440,51.6657032004529,-116.444195307557,0.326906114816666,0,0,0,0.0248198658227921,0.0614981576800346,0,0,0.443090528249741,0.00607611471787095,0.0418661497533321,0.0957430526614189
71035238,50.9517267112121,-115.116630329958,0.559261858463287,0,0,0,0.0614783391356468,0.105881042778492,0,0,0.255202144384384,0.00819553155452013,0.00998106505721807,0
71035289,50.9062363437728,-115.134062677025,0.561144649982452,0,0,0,0.229200750589371,0.106244489550591,0,0,0.0742019936442375,0.0274388883262873,0.00176922511309385,0
71035337,50.8735409243864,-115.158318982581,0.630319714546204,0,0,0,0.0773216485977173,0.0699885115027428,0,0,0.199902564287186,0.0185853745788336,0.00388217973522842,0
71035360,50.8539380714879,-115.17565045719,0.697243392467499,0,0,0,0.0527197010815144,0.12695974111557,0,0,0.0840611755847931,0.0390159450471401,0,0
71035692,50.7641845080208,-115.140607711254,0.513410270214081,0,0,0,0.0779497176408768,0.131048649549484,0,0,0.258849889039993,0.0176289714872837,0.000987055362202227,0.000125395774375647
71035771,50.7187881131954,-115.159020660092,0.631761133670807,0,0,0,0.0667241662740707,0.102710023522377,0,0,0.157653898000717,0.0187613908201456,0.0223893988877535,0
71035831,50.8865373563218,-115.374841954023,0.11809878051281,0,0,0,0,0.026541605591774,0,0,0.00501542538404465,0,0.850344181060791,0
71035946,50.6584803140646,-115.144053064785,0.569138526916504,0,0,0,0.0246511120349169,0.0693786814808846,0,0,0.101856991648674,0.0282658599317074,0.206708818674088,0
71035979,50.8504970178927,-115.391254003755,0.590822756290436,0,0,0,0.0238431952893734,0.061174038797617,0,0,0.163106128573418,0.00411728257313371,0.155922561883926,0.00101405335590243
71036096,50.8685292344786,-115.431913803496,0.563190817832947,0,0,0,0.0148133654147387,0.159992411732674,0,0,0.116489231586456,0,0.14551417529583,0
71036211,50.6215154073448,-115.159542704376,0.376540154218674,0,0,0,0.0239758491516113,0.086975671350956,0,0,0.265471339225769,0.00839236658066511,0.231536954641342,0.00710768718272448
71036324,50.8324706701862,-115.438477416043,0.827768862247467,0,0,0,0.02409752830863,0.0306189432740211,0,0,0.116063013672829,0,0.00145164900459349,0
71036389,50.8625996068418,-115.504806663424,0.410671800374985,0,0,0,0.0318573191761971,0.15522326529026,0,0,0.386709839105606,0,0.0112836826592684,0.00425409339368343
71038127,50.5763926111291,-115.203029410182,0.103446386754513,0,0,0,0.0115680489689112,0.0755193680524826,0,0,0.613120079040527,0,0.0334541127085686,0.162892043590546
71038233,50.5975404387687,-115.081103634577,0.782675087451935,0.000193964500795119,0,0,0.0314702056348324,0.0409144647419453,0,0,0.133907169103622,0.00811987556517124,0.00271924654953182,0
71038278,50.6429140309657,-115.050557036568,0.564524114131927,0,0,0,0.057148739695549,0.10012499243021,0,0,0.260376363992691,0.0163075681775808,0.00110139860771596,0.00041674540261738
71038383,50.6540725946509,-115.25482181313,0.248362645506859,0,0,0,0.0171892773360014,0.0908033698797226,0,0,0.538386344909668,0,0.0224761907011271,0.0827821791172028
71038637,50.7641514156108,-115.40712247771,0.468210577964783,0.00120880245231092,0,0,0.122259199619293,0.0994582176208496,0,0,0.271076619625092,0,0.0146910836920142,0.0230955239385366
71038722,50.7513912336776,-115.260962342239,0.4522465467453,3.38225290761329e-05,0,0,0.0490843951702118,0.0750361457467079,3.38225290761329e-05,0,0.390199571847916,0.00631776917725801,0.0089325187727809,0.0181153547018766
71038826,50.8044506356283,-115.497811313356,0.357873499393463,0,0,0,0.0509731993079185,0.117861330509186,0,0,0.443281441926956,0,0.00791244767606258,0.0220980793237686
71038844,50.8277167062714,-115.327067534525,0.513739287853241,0,0,0,0.0593565367162228,0.0773817002773285,0.000666242733132094,0,0.326331555843353,0.00707043753936887,0.0143267353996634,0.00112748774699867
71038890,50.8207984137011,-115.126212711448,0.400488585233688,0,0,0,0.0438687615096569,0.184918001294136,0,0,0.369361490011215,0.00115431752055883,0,0.000208873738301918
71038901,50.8467872419677,-115.067805133011,0.428642719984055,0,0,0,0.0376307815313339,0.103802591562271,0,0,0.427430063486099,0.00227918173186481,0.000214653919101693,0
71038946,50.851728605201,-115.230721158393,0.366987645626068,0,0,0,0.0952072665095329,0.128116846084595,0.000164258701261133,0,0.393141180276871,0,0.0160821154713631,0.00030071142828092
71038961,50.8681971098532,-115.588181002347,0.301505029201508,0,0,0,0.0203561782836914,0.111251473426819,0,0,0.348514527082443,0,0.0787461549043655,0.139626681804657
71039048,50.912528951767,-115.465043576886,0.305864453315735,0,0,0,0.0185815263539553,0.168456092476845,0,0,0.497843712568283,0,0.00469998875632882,0.00455417903140187
71039109,50.9316715172681,-115.55451752684,0.263175159692764,0,0,0,0.084291122853756,0.159419536590576,0.000643046863842756,0,0.488989531993866,0,0.00262422999367118,0.000857395818457007
71039121,50.9173419195606,-115.216567160288,0.31482070684433,0.000742881733458489,0,0,0.0859954357147217,0.104014314711094,0,0,0.482973963022232,0.0045730615966022,0.00651680864393711,0.000362802704330534
71039250,50.952413592233,-115.034745631068,0.503253519535065,0,0,0,0.000132994537125342,0.0951327234506607,0,0,0.393934994935989,0.00113836221862584,0.00640738708898425,0
71039266,50.9362730652275,-115.323424161373,0.321028470993042,4.74937478429638e-05,0,0,0.00368011463433504,0.0916822627186775,0,0,0.451254516839981,0.0171521753072739,0.112424053251743,0.00273089064285159
